CommunityID,Density,ClusteringCoeff,Conductance,FlakeODF,FOMD,TPR,CutRatio,Cohesiveness,Separability
1,1.0,1.0,0.45945946,0.2,0.0,1.0,0.00068109,1.0,0.58823529
2,0.33333333,0.52095808,0.17647059,0.0,0.2,1.0,0.00020072,0.21428571,2.33333333
3,0.53333333,0.52941176,0.27272727,0.0,0.0,1.0,0.00020036,0.4,1.33333333
4,0.40952381,0.77253219,0.19626168,0.0,0.6,1.0,0.00028101,0.21428571,2.04761905
5,0.5,0.675,0.41666667,0.25,0.125,1.0,0.0005011,0.28571429,0.7
6,1.0,1.0,0.31034483,0.2,0.0,1.0,0.00036058,1.0,1.11111111
7,1.0,1.0,0.19230769,0.14285714,1.0,1.0,0.00028629,1.0,2.1
8,1.0,1.0,0.1509434,0.1,1.0,1.0,0.00032083,1.0,2.8125
9,0.66666667,0.81818182,0.17808219,0.0,0.7,1.0,0.00026068,0.44444444,2.30769231
10,0.46153846,0.59243697,0.20754717,0.0,0.42857143,1.0,0.00031536,0.30769231,1.90909091
11,1.0,1.0,0.19230769,0.0,1.0,1.0,0.00028629,1.0,2.1
12,1.0,1.0,0.2,0.125,1.0,1.0,0.00035077,1.0,2.0
13,0.47222222,0.61016949,0.10526316,0.0,0.11111111,1.0,8.91e-05,0.25,4.25
14,0.5,0.62790698,0.06666667,0.0,0.125,1.0,5.011e-05,0.28571429,7.0
15,0.64444444,0.78947368,0.20547945,0.0,0.2,1.0,0.00030078,0.55555556,1.93333333
16,0.55555556,0.64556962,0.13043478,0.0,0.22222222,1.0,0.00013365,0.375,3.33333333
17,0.9,0.875,0.25,0.2,0.0,1.0,0.00024038,0.75,1.5
18,0.51111111,0.64948454,0.09803922,0.0,0.1,1.0,0.00010026,0.33333333,4.6
19,0.64285714,0.64285714,0.35714286,0.125,0.25,1.0,0.0005011,0.42857143,0.9
20,1.0,1.0,0.09677419,0.0,1.0,1.0,0.00015033,1.0,4.66666667
21,1.0,1.0,0.14285714,0.0,0.0,1.0,0.00016697,1.0,3.0
22,1.0,1.0,0.01098901,0.0,1.0,1.0,2.005e-05,1.0,45.0
23,0.71428571,0.77777778,0.14285714,0.0,0.28571429,1.0,0.00014314,0.5,3.0
24,0.63888889,0.73529412,0.20689655,0.11111111,0.55555556,1.0,0.00026731,0.375,1.91666667
25,1.0,1.0,0.4,0.33333333,0.0,1.0,0.00026699,1.0,0.75
26,1.0,1.0,0.11111111,0.0,1.0,1.0,0.00017539,1.0,4.0
27,0.78571429,0.82857143,0.06382979,0.0,0.5,1.0,7.517e-05,0.42857143,7.33333333
28,0.66666667,0.69230769,0.13043478,0.0,0.0,1.0,0.00010018,0.4,3.33333333
29,0.50909091,0.57857143,0.13846154,0.09090909,0.36363636,1.0,0.0001641,0.3,3.11111111
30,1.0,1.0,0.07335907,0.0,1.0,1.0,0.00023841,1.0,6.31578947
31,1.0,1.0,0.19230769,0.0,1.0,1.0,0.00028629,1.0,2.1
32,0.69090909,0.75298805,0.15555556,0.09090909,0.72727273,1.0,0.00025526,0.4,2.71428571
33,0.9047619,0.90697674,0.07317073,0.0,0.57142857,1.0,8.589e-05,0.66666667,6.33333333
34,0.51515152,0.8,0.16049383,0.0,0.58333333,1.0,0.00021732,0.27272727,2.61538462
35,0.49090909,0.57352941,0.08474576,0.0,0.27272727,1.0,9.116e-05,0.3,5.4
36,0.86666667,0.86666667,0.13333333,0.0,0.0,1.0,0.00013357,0.6,3.25
37,1.0,1.0,0.31034483,0.0,0.0,1.0,0.00036058,1.0,1.11111111
38,1.0,1.0,0.125,0.0,1.0,1.0,0.00017177,1.0,3.5
39,1.0,1.0,0.16666667,0.0,0.0,1.0,0.00020036,1.0,2.5
40,0.57142857,0.77777778,0.05882353,0.0,0.125,1.0,5.011e-05,0.42857143,8.0
41,0.5,0.62790698,0.0,0.0,0.125,1.0,0.0,0.28571429,14.0
42,1.0,1.0,0.23076923,0.0,0.0,1.0,0.00030054,1.0,1.66666667
43,0.89473684,0.92057762,0.02578797,0.0,1.0,1.0,9.042e-05,0.73684211,18.88888889
44,1.0,1.0,0.14285714,0.0,1.0,1.0,0.0002004,1.0,3.0
45,0.5,0.46153846,0.0,0.0,0.25,1.0,0.0,0.28571429,14.0
46,0.8,0.78947368,0.11111111,0.0,0.0,1.0,8.013e-05,0.5,4.0
47,0.8,0.78947368,0.11111111,0.0,0.0,1.0,8.013e-05,0.5,4.0
48,0.6,0.67346939,0.02941176,0.0,0.36363636,1.0,3.647e-05,0.4,16.5
49,0.8,0.84615385,0.2,0.16666667,0.0,1.0,0.00020036,0.4,2.0
50,0.9047619,0.90697674,0.0952381,0.0,0.57142857,1.0,0.00011451,0.66666667,4.75
51,1.0,1.0,0.04255319,0.0,1.0,1.0,8.021e-05,1.0,11.25
52,0.85714286,0.88461538,0.14285714,0.0,0.42857143,1.0,0.00017177,0.5,3.0
53,0.57777778,0.73170732,0.13333333,0.0,0.2,1.0,0.00016042,0.33333333,3.25
54,0.58241758,0.71390374,0.02752294,0.0,0.92857143,1.0,4.3e-05,0.38461538,17.66666667
55,0.53333333,0.52941176,0.0,0.0,0.0,1.0,0.0,0.4,8.0
56,0.53333333,0.52941176,0.0,0.0,0.0,1.0,0.0,0.4,8.0
57,0.83333333,0.86440678,0.07692308,0.0,0.77777778,1.0,0.00011138,0.625,6.0
58,1.0,1.0,0.03225806,0.0,0.0,1.0,3.339e-05,1.0,15.0
59,0.91666667,0.92957746,0.22352941,0.0,0.88888889,1.0,0.00042324,0.625,1.73684211
60,1.0,1.0,0.04761905,0.0,0.0,1.0,4.006e-05,1.0,10.0
61,0.78571429,0.82857143,0.12,0.0,0.375,1.0,0.00015033,0.57142857,3.66666667
62,1.0,1.0,0.09677419,0.0,1.0,1.0,0.00015033,1.0,4.66666667
63,0.83333333,0.75,0.33333333,0.0,0.0,1.0,0.00025035,0.66666667,1.0
64,0.4,0.72,0.04347826,0.0,0.18181818,1.0,3.647e-05,0.3,11.0
65,0.93333333,0.92307692,0.09677419,0.0,0.0,1.0,0.00010018,0.8,4.66666667
66,0.57777778,0.78151261,0.01886792,0.0,0.2,1.0,2.005e-05,0.44444444,26.0
67,1.0,1.0,0.11764706,0.0,0.0,1.0,0.00013357,1.0,3.75
68,0.86666667,0.86666667,0.07142857,0.0,0.0,1.0,6.679e-05,0.6,6.5
69,1.0,1.0,0.08695652,0.0,1.0,1.0,0.00011451,1.0,5.25
70,1.0,1.0,0.16666667,0.0,0.0,1.0,0.00016026,1.0,2.5
71,1.0,1.0,0.16666667,0.0,0.0,1.0,0.00016026,1.0,2.5
72,1.0,1.0,0.05084746,0.0,1.0,1.0,7.517e-05,1.0,9.33333333
73,1.0,1.0,0.06666667,0.0,1.0,1.0,0.00010022,1.0,7.0
74,1.0,1.0,0.14285714,0.0,1.0,1.0,0.0002004,1.0,3.0
75,1.0,1.0,0.08333333,0.0,1.0,1.0,0.00018233,1.0,5.5
76,1.0,1.0,0.16,0.0,1.0,1.0,0.00022903,1.0,2.625
77,1.0,1.0,0.13043478,0.0,0.0,1.0,0.00012019,1.0,3.33333333
78,1.0,1.0,0.13043478,0.0,0.0,1.0,0.00012019,1.0,3.33333333
79,1.0,1.0,0.13043478,0.0,0.0,1.0,0.00012019,1.0,3.33333333
80,1.0,1.0,0.13043478,0.0,0.0,1.0,0.00012019,1.0,3.33333333
81,1.0,1.0,0.2,0.0,0.0,1.0,0.00015021,1.0,2.0
82,1.0,1.0,0.2,0.0,0.0,1.0,0.00015021,1.0,2.0
83,1.0,1.0,0.2,0.0,0.0,1.0,0.00015021,1.0,2.0
84,0.57142857,0.72727273,0.0,0.0,0.14285714,1.0,0.0,0.5,12.0
85,1.0,1.0,0.2,0.0,0.0,1.0,0.00015021,1.0,2.0
86,1.0,1.0,0.2,0.0,0.0,1.0,0.00015021,1.0,2.0
87,0.5,0.62790698,0.22222222,0.125,0.125,1.0,0.00020044,0.28571429,1.75
88,0.77777778,0.81696429,0.11392405,0.0,0.8,1.0,0.00018047,0.55555556,3.88888889
89,1.0,1.0,0.21052632,0.0,0.0,1.0,0.00026715,1.0,1.875
90,1.0,1.0,0.09090909,0.0,0.0,1.0,0.00010018,1.0,5.0
91,1.0,1.0,0.09090909,0.0,0.0,1.0,0.00010018,1.0,5.0
92,1.0,1.0,0.09090909,0.0,0.0,1.0,0.00010018,1.0,5.0
93,0.61904762,0.64285714,0.07142857,0.0,0.14285714,1.0,5.726e-05,0.33333333,6.5
94,0.80952381,0.81428571,0.10526316,0.0,0.42857143,1.0,0.00011451,0.5,4.25
95,0.64285714,0.73913043,0.1,0.0,0.25,1.0,0.00010022,0.42857143,4.5
96,0.66666667,0.69230769,0.16666667,0.16666667,0.0,1.0,0.00013357,0.4,2.5
97,1.0,1.0,0.06666667,0.0,1.0,1.0,8.589e-05,1.0,7.0
98,1.0,1.0,0.09677419,0.0,1.0,1.0,0.00015033,1.0,4.66666667
99,0.8,0.84615385,0.2,0.0,0.0,1.0,0.00020036,0.4,2.0
100,0.93333333,0.92307692,0.06666667,0.0,0.0,1.0,6.679e-05,0.8,7.0
101,1.0,1.0,0.16666667,0.0,0.0,1.0,0.00016026,1.0,2.5
102,1.0,1.0,0.14285714,0.0,0.0,1.0,0.00010014,1.0,3.0
103,1.0,1.0,0.14285714,0.0,0.0,1.0,0.00010014,1.0,3.0
104,1.0,1.0,0.14285714,0.0,0.0,1.0,0.00010014,1.0,3.0
105,1.0,1.0,0.14285714,0.0,0.0,1.0,0.00010014,1.0,3.0
106,1.0,1.0,0.14285714,0.0,0.0,1.0,0.00010014,1.0,3.0
107,1.0,1.0,0.14285714,0.0,0.0,1.0,0.00010014,1.0,3.0
108,1.0,1.0,0.14285714,0.0,0.0,1.0,0.00010014,1.0,3.0
109,1.0,1.0,0.14285714,0.0,0.0,1.0,0.00010014,1.0,3.0
110,1.0,1.0,0.14285714,0.0,0.0,1.0,0.00010014,1.0,3.0
111,1.0,1.0,0.14285714,0.0,0.0,1.0,0.00010014,1.0,3.0
112,1.0,1.0,0.14285714,0.0,0.0,1.0,0.00010014,1.0,3.0
113,1.0,1.0,0.14285714,0.0,0.0,1.0,0.00010014,1.0,3.0
114,1.0,1.0,0.04,0.0,1.0,1.0,6.683e-05,1.0,12.0
115,0.97222222,0.97058824,0.02777778,0.0,1.0,1.0,4.455e-05,0.875,17.5
116,0.5,0.84615385,0.125,0.0,0.0,1.0,0.00010022,0.14285714,3.5
117,1.0,1.0,0.14285714,0.0,0.0,1.0,0.00016697,1.0,3.0
118,1.0,1.0,0.03225806,0.0,1.0,1.0,6.016e-05,1.0,15.0
119,1.0,1.0,0.23076923,0.0,0.0,1.0,0.00024038,1.0,1.66666667
120,0.80555556,0.83928571,0.14705882,0.0,0.77777778,1.0,0.00022276,0.5,2.9
121,1.0,1.0,0.09090909,0.0,0.0,1.0,8.013e-05,1.0,5.0
122,1.0,1.0,0.09090909,0.0,0.0,1.0,8.013e-05,1.0,5.0
123,1.0,1.0,0.09090909,0.0,0.0,1.0,8.013e-05,1.0,5.0
124,1.0,1.0,0.09090909,0.0,0.0,1.0,8.013e-05,1.0,5.0
125,1.0,1.0,0.09090909,0.0,0.0,1.0,8.013e-05,1.0,5.0
126,1.0,1.0,0.09090909,0.0,0.0,1.0,8.013e-05,1.0,5.0
127,0.8,0.84615385,0.14285714,0.0,0.0,1.0,0.00013357,0.4,3.0
128,0.8,0.84615385,0.14285714,0.0,0.0,1.0,0.00013357,0.4,3.0
129,1.0,1.0,0.31034483,0.0,0.0,1.0,0.00036058,1.0,1.11111111
130,1.0,1.0,0.25925926,0.0,0.0,1.0,0.00028045,1.0,1.42857143
131,1.0,1.0,0.11111111,0.0,1.0,1.0,0.00020048,1.0,4.0
132,0.61904762,0.80487805,0.07142857,0.0,0.14285714,1.0,5.726e-05,0.33333333,6.5
133,1.0,1.0,0.0625,0.0,0.0,1.0,6.679e-05,1.0,7.5
134,1.0,1.0,0.0625,0.0,0.0,1.0,6.679e-05,1.0,7.5
135,1.0,1.0,0.0625,0.0,0.0,1.0,6.679e-05,1.0,7.5
136,1.0,1.0,0.0625,0.0,0.0,1.0,6.679e-05,1.0,7.5
137,1.0,1.0,0.0625,0.0,0.0,1.0,6.679e-05,1.0,7.5
138,1.0,1.0,0.0625,0.0,0.0,1.0,6.679e-05,1.0,7.5
139,0.6,0.71428571,0.1,0.0,0.0,1.0,6.679e-05,0.4,4.5
140,0.5,0.6,0.1,0.0,0.22222222,1.0,8.91e-05,0.25,4.5
141,1.0,1.0,0.16666667,0.0,0.0,1.0,0.00020036,1.0,2.5
142,1.0,1.0,0.14285714,0.0,0.0,1.0,0.00010014,1.0,3.0
143,1.0,1.0,0.04545455,0.0,1.0,1.0,5.726e-05,1.0,10.5
144,1.0,1.0,0.04545455,0.0,1.0,1.0,5.726e-05,1.0,10.5
145,1.0,1.0,0.09090909,0.0,0.0,1.0,0.00010018,1.0,5.0
146,0.35897436,0.69902913,0.01754386,0.0,0.23076923,1.0,1.543e-05,0.08333333,28.0
147,1.0,1.0,0.09090909,0.0,0.0,1.0,8.013e-05,1.0,5.0
148,1.0,1.0,0.17647059,0.0,1.0,1.0,0.00025766,1.0,2.33333333
149,0.76190476,0.78688525,0.05882353,0.0,0.28571429,1.0,5.726e-05,0.5,8.0
150,0.43956044,0.78571429,0.13978495,0.07142857,0.5,1.0,0.00018635,0.15384615,3.07692308
151,0.86666667,0.86666667,0.13333333,0.0,0.0,1.0,0.00013357,0.6,3.25
152,0.86666667,0.86666667,0.13333333,0.0,0.0,1.0,0.00013357,0.6,3.25
153,1.0,1.0,0.03448276,0.0,1.0,1.0,5.011e-05,1.0,14.0
154,1.0,1.0,0.03448276,0.0,1.0,1.0,5.011e-05,1.0,14.0
155,0.52380952,0.64285714,0.08333333,0.0,0.0,1.0,5.726e-05,0.33333333,5.5
156,1.0,1.0,0.2,0.0,0.0,1.0,0.00015021,1.0,2.0
157,0.6,0.6,0.14285714,0.0,0.0,1.0,8.013e-05,0.5,3.0
158,1.0,1.0,0.21052632,0.0,0.0,1.0,0.00026715,1.0,1.875
159,0.85714286,0.88461538,0.02702703,0.0,0.42857143,1.0,2.863e-05,0.5,18.0
160,0.64444444,0.76,0.06451613,0.0,0.5,1.0,8.021e-05,0.44444444,7.25
161,0.78571429,0.82857143,0.02222222,0.0,0.375,1.0,2.506e-05,0.57142857,22.0
162,1.0,1.0,0.2,0.0,0.0,1.0,0.00015021,1.0,2.0
163,1.0,1.0,0.13043478,0.0,0.0,1.0,0.00012019,1.0,3.33333333
164,1.0,1.0,0.125,0.0,1.0,1.0,0.00017177,1.0,3.5
165,0.72222222,0.76642336,0.07142857,0.0,0.44444444,1.0,8.91e-05,0.5,6.5
166,0.6969697,0.81818182,0.0212766,0.0,1.0,1.0,3.343e-05,0.54545455,23.0
167,0.66666667,0.6875,0.0,0.0,0.28571429,1.0,0.0,0.5,14.0
168,1.0,1.0,0.16666667,0.0,0.0,1.0,0.00020036,1.0,2.5
169,1.0,1.0,0.0625,0.0,0.0,1.0,6.679e-05,1.0,7.5
170,0.66666667,0.64285714,0.0,0.0,0.0,1.0,0.0,0.4,10.0
171,0.66666667,0.64285714,0.0,0.0,0.0,1.0,0.0,0.4,10.0
172,0.53333333,0.6,0.11111111,0.0,0.0,1.0,6.679e-05,0.4,4.0
173,1.0,1.0,0.04761905,0.0,0.0,1.0,4.006e-05,1.0,10.0
174,1.0,1.0,0.125,0.0,1.0,1.0,0.00017177,1.0,3.5
175,0.53571429,0.65217391,0.21052632,0.125,0.125,1.0,0.00020044,0.28571429,1.875
176,0.8,0.78947368,0.2,0.2,0.0,1.0,0.00016026,0.5,2.0
177,0.53571429,0.68181818,0.03225806,0.0,0.0,1.0,2.506e-05,0.42857143,15.0
178,1.0,1.0,0.05263158,0.0,1.0,1.0,8.91e-05,1.0,9.0
179,1.0,1.0,0.125,0.0,1.0,1.0,0.00017177,1.0,3.5
180,0.57142857,0.58333333,0.45454545,0.28571429,0.14285714,1.0,0.00057257,0.33333333,0.6
181,1.0,1.0,0.17647059,0.0,1.0,1.0,0.00030066,1.0,2.33333333
182,1.0,1.0,0.02325581,0.0,1.0,1.0,2.863e-05,1.0,21.0
183,0.67857143,0.76923077,0.02564103,0.0,0.25,1.0,2.506e-05,0.57142857,19.0
184,1.0,1.0,0.04761905,0.0,0.0,1.0,4.006e-05,1.0,10.0
185,1.0,1.0,0.04761905,0.0,0.0,1.0,4.006e-05,1.0,10.0
186,1.0,1.0,0.04761905,0.0,0.0,1.0,4.006e-05,1.0,10.0
187,1.0,1.0,0.04761905,0.0,0.0,1.0,4.006e-05,1.0,10.0
188,1.0,1.0,0.04761905,0.0,0.0,1.0,4.006e-05,1.0,10.0
189,1.0,1.0,0.11764706,0.0,0.0,1.0,0.00013357,1.0,3.75
190,1.0,1.0,0.11764706,0.0,0.0,1.0,0.00013357,1.0,3.75
191,1.0,1.0,0.11764706,0.0,0.0,1.0,0.00013357,1.0,3.75
192,0.86666667,0.86666667,0.07142857,0.0,0.0,1.0,6.679e-05,0.6,6.5
193,1.0,1.0,0.08695652,0.0,1.0,1.0,0.00011451,1.0,5.25
194,1.0,1.0,0.16666667,0.0,0.0,1.0,0.00016026,1.0,2.5
195,1.0,1.0,0.16666667,0.0,0.0,1.0,0.00016026,1.0,2.5
196,1.0,1.0,0.16666667,0.0,0.0,1.0,0.00016026,1.0,2.5
197,1.0,1.0,0.16666667,0.0,0.0,1.0,0.00016026,1.0,2.5
198,1.0,1.0,0.16666667,0.0,0.0,1.0,0.00016026,1.0,2.5
199,1.0,1.0,0.16666667,0.0,0.0,1.0,0.00016026,1.0,2.5
200,1.0,1.0,0.16666667,0.0,0.0,1.0,0.00016026,1.0,2.5
201,1.0,1.0,0.16666667,0.0,0.0,1.0,0.00016026,1.0,2.5
202,1.0,1.0,0.16666667,0.0,0.0,1.0,0.00016026,1.0,2.5
203,0.9047619,0.90697674,0.0952381,0.0,0.57142857,1.0,0.00011451,0.66666667,4.75
204,1.0,1.0,0.02325581,0.0,1.0,1.0,2.863e-05,1.0,21.0
205,1.0,1.0,0.03225806,0.0,0.0,1.0,3.339e-05,1.0,15.0
206,1.0,1.0,0.03225806,0.0,0.0,1.0,3.339e-05,1.0,15.0
207,1.0,1.0,0.03225806,0.0,0.0,1.0,3.339e-05,1.0,15.0
208,1.0,1.0,0.03225806,0.0,0.0,1.0,3.339e-05,1.0,15.0
209,1.0,1.0,0.03225806,0.0,0.0,1.0,3.339e-05,1.0,15.0
210,1.0,1.0,0.03225806,0.0,0.0,1.0,3.339e-05,1.0,15.0
211,1.0,1.0,0.03225806,0.0,0.0,1.0,3.339e-05,1.0,15.0
212,0.73333333,0.75,0.0,0.0,0.0,1.0,0.0,0.4,11.0
213,0.89285714,0.91111111,0.09090909,0.0,0.875,1.0,0.00012528,0.57142857,5.0
214,0.73333333,0.75,0.0,0.0,0.0,1.0,0.0,0.6,11.0
215,0.73333333,0.75,0.0,0.0,0.0,1.0,0.0,0.6,11.0
216,0.73333333,0.75,0.0,0.0,0.0,1.0,0.0,0.6,11.0
217,0.73333333,0.75,0.0,0.0,0.0,1.0,0.0,0.6,11.0
218,0.73333333,0.67741935,0.0,0.0,0.0,1.0,0.0,0.6,11.0
219,1.0,1.0,0.09090909,0.0,0.0,1.0,8.013e-05,1.0,5.0
220,0.71428571,0.81818182,0.06976744,0.0,0.25,1.0,7.517e-05,0.42857143,6.66666667
221,0.78181818,0.84466019,0.02272727,0.0,1.0,1.0,3.647e-05,0.6,21.5
222,1.0,1.0,0.02325581,0.0,1.0,1.0,2.863e-05,1.0,21.0
223,1.0,1.0,0.04761905,0.0,0.0,1.0,4.006e-05,1.0,10.0
224,1.0,1.0,0.04761905,0.0,0.0,1.0,4.006e-05,1.0,10.0
225,0.89285714,0.89552239,0.03846154,0.0,0.75,1.0,5.011e-05,0.71428571,12.5
226,1.0,1.0,0.03225806,0.0,0.0,1.0,3.339e-05,1.0,15.0
227,1.0,1.0,0.03225806,0.0,0.0,1.0,3.339e-05,1.0,15.0
228,1.0,1.0,0.25925926,0.2,0.0,1.0,0.00028045,1.0,1.42857143
229,0.75,0.8125,0.0,0.0,0.375,1.0,0.0,0.42857143,21.0
230,1.0,1.0,0.07692308,0.0,0.0,1.0,5.007e-05,1.0,6.0
231,0.75,0.77319588,0.0,0.0,0.375,1.0,0.0,0.57142857,21.0
232,0.8,0.78947368,0.11111111,0.0,0.0,1.0,8.013e-05,0.5,4.0
233,0.8,0.78947368,0.11111111,0.0,0.0,1.0,8.013e-05,0.5,4.0
234,0.8,0.78947368,0.11111111,0.0,0.0,1.0,8.013e-05,0.5,4.0
235,0.8,0.78947368,0.11111111,0.0,0.0,1.0,8.013e-05,0.5,4.0
236,1.0,1.0,0.03225806,0.0,1.0,1.0,6.016e-05,1.0,15.0
237,1.0,1.0,0.03225806,0.0,0.0,1.0,3.339e-05,1.0,15.0
238,1.0,1.0,0.06666667,0.0,1.0,1.0,8.589e-05,1.0,7.0
239,0.76190476,0.78688525,0.0,0.0,0.28571429,1.0,0.0,0.5,16.0
240,0.76190476,0.76190476,0.0,0.0,0.42857143,1.0,0.0,0.5,16.0
241,0.76190476,0.75,0.0,0.0,0.14285714,1.0,0.0,0.5,16.0
242,1.0,1.0,0.01369863,0.0,1.0,1.0,2.228e-05,1.0,36.0
243,1.0,1.0,0.11363636,0.0,1.0,1.0,0.00030868,1.0,3.9
244,0.8,0.84615385,0.11111111,0.16666667,0.0,1.0,0.00010018,0.4,4.0
245,1.0,1.0,0.0625,0.0,0.0,1.0,6.679e-05,1.0,7.5
246,1.0,1.0,0.14285714,0.0,0.0,1.0,0.00016697,1.0,3.0
247,0.73333333,0.75,0.04347826,0.0,0.0,1.0,3.339e-05,0.6,11.0
248,0.66666667,0.6,0.2,0.25,0.0,0.75,0.00010014,0.33333333,2.0
249,1.0,1.0,0.01754386,0.0,1.0,1.0,2.506e-05,1.0,28.0
250,0.78571429,0.82857143,0.0,0.0,0.375,1.0,0.0,0.57142857,22.0
251,0.78571429,0.82857143,0.0,0.0,0.375,1.0,0.0,0.57142857,22.0
252,0.78571429,0.82857143,0.0,0.0,0.375,1.0,0.0,0.57142857,22.0
253,1.0,1.0,0.6,0.25,0.0,1.0,0.00090126,1.0,0.33333333
254,1.0,1.0,0.03225806,0.0,0.0,1.0,3.339e-05,1.0,15.0
255,1.0,1.0,0.02325581,0.0,1.0,1.0,2.863e-05,1.0,21.0
256,0.73333333,0.75,0.04347826,0.0,0.0,1.0,3.339e-05,0.4,11.0
257,1.0,1.0,0.09090909,0.0,0.0,1.0,8.013e-05,1.0,5.0
258,1.0,1.0,0.09090909,0.0,0.0,1.0,8.013e-05,1.0,5.0
259,1.0,1.0,0.09090909,0.0,0.0,1.0,8.013e-05,1.0,5.0
260,1.0,1.0,0.09090909,0.0,0.0,1.0,8.013e-05,1.0,5.0
261,1.0,1.0,0.09090909,0.0,0.0,1.0,8.013e-05,1.0,5.0
262,1.0,1.0,0.09090909,0.0,0.0,1.0,8.013e-05,1.0,5.0
263,1.0,1.0,0.09090909,0.0,0.0,1.0,8.013e-05,1.0,5.0
264,1.0,1.0,0.09090909,0.0,0.0,1.0,8.013e-05,1.0,5.0
265,1.0,1.0,0.09090909,0.0,0.0,1.0,8.013e-05,1.0,5.0
266,1.0,1.0,0.09090909,0.0,0.0,1.0,8.013e-05,1.0,5.0
267,1.0,1.0,0.09090909,0.0,0.0,1.0,8.013e-05,1.0,5.0
268,1.0,1.0,0.03225806,0.0,0.0,1.0,3.339e-05,1.0,15.0
269,1.0,1.0,0.0625,0.0,0.0,1.0,6.679e-05,1.0,7.5
270,0.8,0.72972973,0.0,0.0,0.0,1.0,0.0,0.6,12.0
271,1.0,1.0,0.04545455,0.0,1.0,1.0,5.726e-05,1.0,10.5
272,1.0,1.0,0.04545455,0.0,1.0,1.0,5.726e-05,1.0,10.5
273,0.80952381,0.82608696,0.0,0.0,0.42857143,1.0,0.0,0.66666667,17.0
274,0.80952381,0.82608696,0.0,0.0,0.42857143,1.0,0.0,0.66666667,17.0
275,1.0,1.0,0.07692308,0.0,0.0,1.0,5.007e-05,1.0,6.0
276,1.0,1.0,0.02702703,0.0,1.0,1.0,4.455e-05,1.0,18.0
277,1.0,1.0,0.04761905,0.0,0.0,1.0,4.006e-05,1.0,10.0
278,1.0,1.0,0.25,0.0,0.0,1.0,0.00020028,1.0,1.5
279,0.83333333,0.75,0.09090909,0.0,0.0,1.0,5.007e-05,0.66666667,5.0
280,0.83333333,0.86440678,0.0,0.0,0.77777778,1.0,0.0,0.625,30.0
281,1.0,1.0,0.03225806,0.0,0.0,1.0,3.339e-05,1.0,15.0
282,1.0,1.0,0.03225806,0.0,0.0,1.0,3.339e-05,1.0,15.0
283,1.0,1.0,0.06666667,0.0,1.0,1.0,8.589e-05,1.0,7.0
284,1.0,1.0,0.06666667,0.0,1.0,1.0,8.589e-05,1.0,7.0
285,1.0,1.0,0.11764706,0.0,0.0,1.0,0.00013357,1.0,3.75
286,1.0,1.0,0.01369863,0.0,1.0,1.0,2.228e-05,1.0,36.0
287,1.0,1.0,0.01369863,0.0,1.0,1.0,2.228e-05,1.0,36.0
288,1.0,1.0,0.02325581,0.0,1.0,1.0,2.863e-05,1.0,21.0
289,1.0,1.0,0.05084746,0.0,1.0,1.0,7.517e-05,1.0,9.33333333
290,1.0,1.0,0.01754386,0.0,1.0,1.0,2.506e-05,1.0,28.0
291,0.85714286,0.88461538,0.0,0.0,0.42857143,1.0,0.0,0.5,18.0
292,0.85714286,0.88461538,0.0,0.0,0.42857143,1.0,0.0,0.5,18.0
293,1.0,1.0,0.03225806,0.0,0.0,1.0,3.339e-05,1.0,15.0
294,0.85714286,0.87096774,0.0,0.0,0.5,1.0,0.0,0.71428571,24.0
295,1.0,1.0,0.08695652,0.0,1.0,1.0,0.00011451,1.0,5.25
296,0.86666667,0.86666667,0.0,0.0,0.0,1.0,0.0,0.6,13.0
297,0.86666667,0.86666667,0.0,0.0,0.0,1.0,0.0,0.6,13.0
298,0.86666667,0.86666667,0.0,0.0,0.0,1.0,0.0,0.6,13.0
299,0.86666667,0.86666667,0.0,0.0,0.0,1.0,0.0,0.6,13.0
300,0.86666667,0.86666667,0.0,0.0,0.0,1.0,0.0,0.6,13.0
301,0.86666667,0.86666667,0.0,0.0,0.0,1.0,0.0,0.6,13.0
302,0.86666667,0.86666667,0.0,0.0,0.0,1.0,0.0,0.6,13.0
303,0.86666667,0.86666667,0.0,0.0,0.0,1.0,0.0,0.6,13.0
304,0.86666667,0.86666667,0.0,0.0,0.0,1.0,0.0,0.6,13.0
305,0.86666667,0.86666667,0.0,0.0,0.0,1.0,0.0,0.6,13.0
306,0.86666667,0.86666667,0.0,0.0,0.0,1.0,0.0,0.6,13.0
307,0.86666667,0.86666667,0.0,0.0,0.0,1.0,0.0,0.6,13.0
308,1.0,1.0,0.03225806,0.0,0.0,1.0,3.339e-05,1.0,15.0
309,1.0,1.0,0.02325581,0.0,1.0,1.0,2.863e-05,1.0,21.0
310,0.85714286,0.88461538,0.14285714,0.0,0.42857143,1.0,0.00017177,0.5,3.0
311,1.0,1.0,0.03225806,0.0,0.0,1.0,3.339e-05,1.0,15.0
312,1.0,1.0,0.02325581,0.0,1.0,1.0,2.863e-05,1.0,21.0
313,1.0,1.0,0.02325581,0.0,1.0,1.0,2.863e-05,1.0,21.0
314,0.88888889,0.92079208,0.0,0.0,0.88888889,1.0,0.0,0.5,32.0
315,0.89285714,0.91111111,0.0,0.0,0.875,1.0,0.0,0.57142857,25.0
316,0.89285714,0.91111111,0.0,0.0,0.875,1.0,0.0,0.57142857,25.0
317,1.0,1.0,0.03225806,0.0,0.0,1.0,3.339e-05,1.0,15.0
318,0.9047619,0.90697674,0.0,0.0,0.57142857,1.0,0.0,0.66666667,19.0
319,0.9047619,0.90697674,0.0,0.0,0.57142857,1.0,0.0,0.66666667,19.0
320,0.93333333,0.92307692,0.15151515,0.0,0.0,1.0,0.00016697,0.8,2.8
321,0.90909091,0.93975904,0.0,0.0,0.90909091,1.0,0.0,0.5,50.0
322,0.86666667,0.86666667,0.23529412,0.16666667,0.0,1.0,0.00026715,0.6,1.625
323,0.91111111,0.92,0.0,0.0,1.0,1.0,0.0,0.77777778,41.0
324,1.0,1.0,0.04545455,0.0,1.0,1.0,5.726e-05,1.0,10.5
325,1.0,1.0,0.07692308,0.0,0.0,1.0,5.007e-05,1.0,6.0
326,0.57142857,0.63636364,0.22580645,0.14285714,0.0,1.0,0.0002004,0.33333333,1.71428571
327,0.92857143,0.93103448,0.0,0.0,0.875,1.0,0.0,0.71428571,26.0
328,0.93333333,0.92307692,0.0,0.0,0.0,1.0,0.0,0.8,14.0
329,0.93333333,0.92307692,0.0,0.0,0.0,1.0,0.0,0.8,14.0
330,1.0,1.0,0.01086957,0.0,1.0,1.0,2.867e-05,1.0,45.5
331,1.0,1.0,0.00325733,0.0,1.0,1.0,1.116e-05,1.0,153.0
332,1.0,1.0,0.07692308,0.0,0.0,1.0,5.007e-05,1.0,6.0
333,1.0,1.0,0.42857143,0.25,0.0,1.0,0.00045063,1.0,0.66666667
334,0.94444444,0.94666667,0.0,0.0,1.0,1.0,0.0,0.75,34.0
335,1.0,1.0,0.03225806,0.0,0.0,1.0,3.339e-05,1.0,15.0
336,0.95555556,0.95744681,0.0,0.0,1.0,1.0,0.0,0.77777778,43.0
337,0.95588235,0.96147673,0.0,0.0,1.0,1.0,0.0,0.8125,130.0
338,0.93333333,0.92307692,0.03448276,0.0,0.0,1.0,3.339e-05,0.8,14.0
339,0.96428571,0.96153846,0.0,0.0,1.0,1.0,0.0,0.85714286,27.0
340,1.0,1.0,0.4,0.25,0.0,1.0,0.00040056,1.0,0.75
341,1.0,1.0,0.06666667,0.0,1.0,1.0,8.589e-05,1.0,7.0
342,1.0,1.0,0.01369863,0.0,1.0,1.0,2.228e-05,1.0,36.0
343,1.0,1.0,0.04545455,0.0,1.0,1.0,5.726e-05,1.0,10.5
344,1.0,1.0,0.0,0.0,0.0,1.0,0.0,1.0,15.0
345,1.0,1.0,0.0,0.0,0.0,1.0,0.0,1.0,15.0
346,1.0,1.0,0.0,0.0,0.0,1.0,0.0,1.0,15.0
347,1.0,1.0,0.0,0.0,0.0,1.0,0.0,1.0,15.0
348,1.0,1.0,0.0,0.0,1.0,1.0,0.0,1.0,36.0
349,1.0,1.0,0.0,0.0,0.0,1.0,0.0,1.0,15.0
350,1.0,1.0,0.0,0.0,0.0,1.0,0.0,1.0,15.0
351,1.0,1.0,0.0,0.0,0.0,1.0,0.0,1.0,15.0
352,1.0,1.0,0.0,0.0,0.0,1.0,0.0,1.0,15.0
353,1.0,1.0,0.0,0.0,0.0,1.0,0.0,1.0,15.0
354,1.0,1.0,0.0,0.0,0.0,1.0,0.0,1.0,15.0
355,1.0,1.0,0.0,0.0,0.0,1.0,0.0,1.0,15.0
356,1.0,1.0,0.0,0.0,0.0,1.0,0.0,1.0,15.0
357,1.0,1.0,0.0,0.0,0.0,1.0,0.0,1.0,15.0
358,1.0,1.0,0.0,0.0,0.0,1.0,0.0,1.0,15.0
359,1.0,1.0,0.0,0.0,0.0,1.0,0.0,1.0,15.0
360,1.0,1.0,0.0,0.0,0.0,1.0,0.0,1.0,15.0
361,1.0,1.0,0.0,0.0,1.0,1.0,0.0,1.0,36.0
362,1.0,1.0,0.0,0.0,0.0,1.0,0.0,1.0,15.0
363,1.0,1.0,0.0,0.0,0.0,1.0,0.0,1.0,15.0
364,1.0,1.0,0.0,0.0,0.0,1.0,0.0,1.0,15.0
365,1.0,1.0,0.0,0.0,0.0,1.0,0.0,1.0,15.0
366,1.0,1.0,0.0,0.0,0.0,1.0,0.0,1.0,15.0
367,1.0,1.0,0.0,0.0,0.0,1.0,0.0,1.0,15.0
368,1.0,1.0,0.0,0.0,0.0,1.0,0.0,1.0,15.0
369,1.0,1.0,0.0,0.0,0.0,1.0,0.0,1.0,15.0
370,1.0,1.0,0.0,0.0,0.0,1.0,0.0,1.0,15.0
371,1.0,1.0,0.0,0.0,0.0,1.0,0.0,1.0,15.0
372,1.0,1.0,0.0,0.0,0.0,1.0,0.0,1.0,15.0
373,1.0,1.0,0.0,0.0,1.0,1.0,0.0,1.0,36.0
374,1.0,1.0,0.0,0.0,0.0,1.0,0.0,1.0,15.0
375,1.0,1.0,0.0,0.0,0.0,1.0,0.0,1.0,15.0
376,1.0,1.0,0.0,0.0,0.0,1.0,0.0,1.0,15.0
377,1.0,1.0,0.0,0.0,0.0,1.0,0.0,1.0,15.0
378,1.0,1.0,0.0,0.0,0.0,1.0,0.0,1.0,15.0
379,1.0,1.0,0.0,0.0,0.0,1.0,0.0,1.0,15.0
380,1.0,1.0,0.0,0.0,1.0,1.0,0.0,1.0,153.0
381,1.0,1.0,0.0,0.0,0.0,1.0,0.0,1.0,15.0
382,1.0,1.0,0.0,0.0,0.0,1.0,0.0,1.0,15.0
383,1.0,1.0,0.0,0.0,0.0,1.0,0.0,1.0,15.0
384,1.0,1.0,0.0,0.0,0.0,1.0,0.0,1.0,15.0
385,1.0,1.0,0.0,0.0,0.0,1.0,0.0,1.0,15.0
386,1.0,1.0,0.0,0.0,0.0,1.0,0.0,1.0,15.0
387,1.0,1.0,0.0,0.0,0.0,1.0,0.0,1.0,15.0
388,1.0,1.0,0.0,0.0,0.0,1.0,0.0,1.0,15.0
389,1.0,1.0,0.0,0.0,0.0,1.0,0.0,1.0,15.0
390,1.0,1.0,0.0,0.0,0.0,1.0,0.0,1.0,15.0
391,1.0,1.0,0.0,0.0,0.0,1.0,0.0,1.0,15.0
392,1.0,1.0,0.0,0.0,0.0,1.0,0.0,1.0,15.0
393,1.0,1.0,0.0,0.0,0.0,1.0,0.0,1.0,15.0
394,1.0,1.0,0.0,0.0,0.0,1.0,0.0,1.0,15.0
395,1.0,1.0,0.0,0.0,0.0,1.0,0.0,1.0,15.0
396,1.0,1.0,0.0,0.0,0.0,1.0,0.0,1.0,15.0
397,1.0,1.0,0.0,0.0,0.0,1.0,0.0,1.0,15.0
398,1.0,1.0,0.0,0.0,0.0,1.0,0.0,1.0,15.0
399,1.0,1.0,0.0,0.0,0.0,1.0,0.0,1.0,15.0
400,1.0,1.0,0.0,0.0,0.0,1.0,0.0,1.0,15.0
401,1.0,1.0,0.0,0.0,0.0,1.0,0.0,1.0,15.0
402,1.0,1.0,0.0,0.0,1.0,1.0,0.0,1.0,36.0
403,1.0,1.0,0.0,0.0,0.0,1.0,0.0,1.0,15.0
404,1.0,1.0,0.0,0.0,0.0,1.0,0.0,1.0,15.0
405,1.0,1.0,0.0,0.0,0.0,1.0,0.0,1.0,15.0
406,1.0,1.0,0.0,0.0,0.0,1.0,0.0,1.0,15.0
407,1.0,1.0,0.0,0.0,0.0,1.0,0.0,1.0,15.0
408,1.0,1.0,0.0,0.0,0.0,1.0,0.0,1.0,15.0
409,1.0,1.0,0.0,0.0,0.0,1.0,0.0,1.0,15.0
410,1.0,1.0,0.0,0.0,0.0,1.0,0.0,1.0,15.0
411,1.0,1.0,0.0,0.0,0.0,1.0,0.0,1.0,15.0
412,1.0,1.0,0.0,0.0,0.0,1.0,0.0,1.0,15.0
413,1.0,1.0,0.0,0.0,0.0,1.0,0.0,1.0,15.0
414,1.0,1.0,0.0,0.0,0.0,1.0,0.0,1.0,15.0
415,1.0,1.0,0.0,0.0,0.0,1.0,0.0,1.0,15.0
416,1.0,1.0,0.0,0.0,0.0,1.0,0.0,1.0,15.0
417,1.0,1.0,0.0,0.0,0.0,1.0,0.0,1.0,15.0
418,1.0,1.0,0.0,0.0,0.0,1.0,0.0,1.0,15.0
419,1.0,1.0,0.0,0.0,0.0,1.0,0.0,1.0,15.0
420,1.0,1.0,0.0,0.0,0.0,1.0,0.0,1.0,15.0
421,1.0,1.0,0.0,0.0,0.0,1.0,0.0,1.0,15.0
422,1.0,1.0,0.0,0.0,0.0,1.0,0.0,1.0,15.0
423,1.0,1.0,0.0,0.0,0.0,1.0,0.0,1.0,15.0
424,1.0,1.0,0.0,0.0,0.0,1.0,0.0,1.0,15.0
425,1.0,1.0,0.0,0.0,0.0,1.0,0.0,1.0,15.0
426,1.0,1.0,0.0,0.0,0.0,1.0,0.0,1.0,15.0
427,1.0,1.0,0.0,0.0,0.0,1.0,0.0,1.0,15.0
428,1.0,1.0,0.0,0.0,0.0,1.0,0.0,1.0,15.0
429,1.0,1.0,0.0,0.0,1.0,1.0,0.0,1.0,91.0
430,1.0,1.0,0.0,0.0,0.0,1.0,0.0,1.0,15.0
431,1.0,1.0,0.0,0.0,0.0,1.0,0.0,1.0,15.0
432,1.0,1.0,0.0,0.0,0.0,1.0,0.0,1.0,15.0
433,1.0,1.0,0.0,0.0,0.0,1.0,0.0,1.0,15.0
434,1.0,1.0,0.0,0.0,0.0,1.0,0.0,1.0,15.0
435,1.0,1.0,0.0,0.0,0.0,1.0,0.0,1.0,15.0
436,1.0,1.0,0.0,0.0,0.0,1.0,0.0,1.0,15.0
437,1.0,1.0,0.0,0.0,0.0,1.0,0.0,1.0,15.0
438,1.0,1.0,0.0,0.0,0.0,1.0,0.0,1.0,15.0
439,1.0,1.0,0.0,0.0,0.0,1.0,0.0,1.0,15.0
440,1.0,1.0,0.0,0.0,0.0,1.0,0.0,1.0,15.0
441,1.0,1.0,0.0,0.0,0.0,1.0,0.0,1.0,15.0
442,1.0,1.0,0.0,0.0,0.0,1.0,0.0,1.0,15.0
443,1.0,1.0,0.0,0.0,0.0,1.0,0.0,1.0,15.0
444,1.0,1.0,0.0,0.0,0.0,1.0,0.0,1.0,15.0
445,1.0,1.0,0.0,0.0,0.0,1.0,0.0,1.0,15.0
446,1.0,1.0,0.0,0.0,0.0,1.0,0.0,1.0,15.0
447,1.0,1.0,0.0,0.0,0.0,1.0,0.0,1.0,15.0
448,1.0,1.0,0.0,0.0,0.0,1.0,0.0,1.0,15.0
449,1.0,1.0,0.0,0.0,0.0,1.0,0.0,1.0,15.0
450,1.0,1.0,0.0,0.0,0.0,1.0,0.0,1.0,15.0
451,1.0,1.0,0.0,0.0,0.0,1.0,0.0,1.0,15.0
452,1.0,1.0,0.0,0.0,0.0,1.0,0.0,1.0,15.0
453,1.0,1.0,0.0,0.0,0.0,1.0,0.0,1.0,15.0
454,1.0,1.0,0.0,0.0,0.0,1.0,0.0,1.0,15.0
455,1.0,1.0,0.0,0.0,0.0,1.0,0.0,1.0,15.0
456,1.0,1.0,0.0,0.0,0.0,1.0,0.0,1.0,15.0
457,1.0,1.0,0.0,0.0,0.0,1.0,0.0,1.0,15.0
458,1.0,1.0,0.0,0.0,0.0,1.0,0.0,1.0,15.0
459,1.0,1.0,0.0,0.0,0.0,1.0,0.0,1.0,15.0
460,1.0,1.0,0.0,0.0,0.0,1.0,0.0,1.0,15.0
461,1.0,1.0,0.0,0.0,0.0,1.0,0.0,1.0,15.0
462,1.0,1.0,0.0,0.0,0.0,1.0,0.0,1.0,15.0
463,1.0,1.0,0.0,0.0,0.0,1.0,0.0,1.0,15.0
464,1.0,1.0,0.0,0.0,0.0,1.0,0.0,1.0,15.0
465,1.0,1.0,0.0,0.0,1.0,1.0,0.0,1.0,36.0
466,1.0,1.0,0.0,0.0,0.0,1.0,0.0,1.0,15.0
467,1.0,1.0,0.0,0.0,0.0,1.0,0.0,1.0,15.0
468,1.0,1.0,0.0,0.0,0.0,1.0,0.0,1.0,15.0
469,1.0,1.0,0.0,0.0,0.0,1.0,0.0,1.0,15.0
470,1.0,1.0,0.0,0.0,0.0,1.0,0.0,1.0,15.0
471,1.0,1.0,0.0,0.0,0.0,1.0,0.0,1.0,15.0
472,1.0,1.0,0.0,0.0,0.0,1.0,0.0,1.0,15.0
473,1.0,1.0,0.0,0.0,0.0,1.0,0.0,1.0,15.0
474,1.0,1.0,0.0,0.0,0.0,1.0,0.0,1.0,15.0
475,1.0,1.0,0.0,0.0,0.0,1.0,0.0,1.0,15.0
476,1.0,1.0,0.0,0.0,0.0,1.0,0.0,1.0,15.0
477,1.0,1.0,0.0,0.0,0.0,1.0,0.0,1.0,15.0
478,1.0,1.0,0.0,0.0,0.0,1.0,0.0,1.0,15.0
479,1.0,1.0,0.0,0.0,0.0,1.0,0.0,1.0,15.0
480,1.0,1.0,0.0,0.0,0.0,1.0,0.0,1.0,15.0
481,1.0,1.0,0.0,0.0,0.0,1.0,0.0,1.0,15.0
482,1.0,1.0,0.0,0.0,0.0,1.0,0.0,1.0,15.0
483,1.0,1.0,0.0,0.0,0.0,1.0,0.0,1.0,15.0
484,1.0,1.0,0.0,0.0,0.0,1.0,0.0,1.0,15.0
485,1.0,1.0,0.0,0.0,0.0,1.0,0.0,1.0,15.0
486,1.0,1.0,0.0,0.0,0.0,1.0,0.0,1.0,15.0
487,1.0,1.0,0.0,0.0,0.0,1.0,0.0,1.0,15.0
488,1.0,1.0,0.0,0.0,0.0,1.0,0.0,1.0,15.0
489,1.0,1.0,0.0,0.0,0.0,1.0,0.0,1.0,15.0
490,1.0,1.0,0.0,0.0,0.0,1.0,0.0,1.0,15.0
491,1.0,1.0,0.0,0.0,0.0,1.0,0.0,1.0,15.0
492,1.0,1.0,0.0,0.0,0.0,1.0,0.0,1.0,15.0
493,1.0,1.0,0.0,0.0,0.0,1.0,0.0,1.0,15.0
494,1.0,1.0,0.0,0.0,0.0,1.0,0.0,1.0,15.0
495,1.0,1.0,0.0,0.0,0.0,1.0,0.0,1.0,15.0
496,1.0,1.0,0.0,0.0,0.0,1.0,0.0,1.0,15.0
497,1.0,1.0,0.0,0.0,1.0,1.0,0.0,1.0,36.0
498,1.0,1.0,0.0,0.0,0.0,1.0,0.0,1.0,15.0
499,1.0,1.0,0.0,0.0,1.0,1.0,0.0,1.0,120.0
500,1.0,1.0,0.0,0.0,1.0,1.0,0.0,1.0,45.0
501,1.0,1.0,0.0,0.0,1.0,1.0,0.0,1.0,28.0
502,1.0,1.0,0.0,0.0,1.0,1.0,0.0,1.0,28.0
503,1.0,1.0,0.0,0.0,1.0,1.0,0.0,1.0,28.0
504,1.0,1.0,0.0,0.0,1.0,1.0,0.0,1.0,28.0
505,1.0,1.0,0.0,0.0,1.0,1.0,0.0,1.0,45.0
506,1.0,1.0,0.0,0.0,1.0,1.0,0.0,1.0,45.0
507,1.0,1.0,0.0,0.0,1.0,1.0,0.0,1.0,28.0
508,1.0,1.0,0.0,0.0,1.0,1.0,0.0,1.0,28.0
509,1.0,1.0,0.0,0.0,1.0,1.0,0.0,1.0,45.0
510,1.0,1.0,0.0,0.0,1.0,1.0,0.0,1.0,28.0
511,1.0,1.0,0.0,0.0,1.0,1.0,0.0,1.0,28.0
512,1.0,1.0,0.0,0.0,1.0,1.0,0.0,1.0,55.0
513,1.0,1.0,0.0,0.0,1.0,1.0,0.0,1.0,28.0
514,1.0,1.0,0.0,0.0,1.0,1.0,0.0,1.0,28.0
515,1.0,1.0,0.0,0.0,1.0,1.0,0.0,1.0,28.0
516,1.0,1.0,0.0,0.0,1.0,1.0,0.0,1.0,28.0
517,1.0,1.0,0.0,0.0,1.0,1.0,0.0,1.0,28.0
518,1.0,1.0,0.0,0.0,1.0,1.0,0.0,1.0,28.0
519,1.0,1.0,0.0,0.0,1.0,1.0,0.0,1.0,28.0
520,1.0,1.0,0.0,0.0,1.0,1.0,0.0,1.0,45.0
521,1.0,1.0,0.0,0.0,1.0,1.0,0.0,1.0,28.0
522,1.0,1.0,0.0,0.0,1.0,1.0,0.0,1.0,28.0
523,1.0,1.0,0.0,0.0,1.0,1.0,0.0,1.0,78.0
524,1.0,1.0,0.0,0.0,1.0,1.0,0.0,1.0,21.0
525,1.0,1.0,0.0,0.0,1.0,1.0,0.0,1.0,21.0
526,1.0,1.0,0.0,0.0,1.0,1.0,0.0,1.0,21.0
527,1.0,1.0,0.0,0.0,1.0,1.0,0.0,1.0,21.0
528,1.0,1.0,0.0,0.0,1.0,1.0,0.0,1.0,21.0
529,1.0,1.0,0.0,0.0,1.0,1.0,0.0,1.0,21.0
530,1.0,1.0,0.0,0.0,1.0,1.0,0.0,1.0,21.0
531,1.0,1.0,0.0,0.0,1.0,1.0,0.0,1.0,21.0
532,1.0,1.0,0.0,0.0,1.0,1.0,0.0,1.0,21.0
533,1.0,1.0,0.0,0.0,1.0,1.0,0.0,1.0,21.0
534,1.0,1.0,0.0,0.0,1.0,1.0,0.0,1.0,21.0
535,1.0,1.0,0.0,0.0,1.0,1.0,0.0,1.0,78.0
536,1.0,1.0,0.0,0.0,1.0,1.0,0.0,1.0,21.0
537,1.0,1.0,0.0,0.0,1.0,1.0,0.0,1.0,21.0
538,1.0,1.0,0.0,0.0,1.0,1.0,0.0,1.0,21.0
539,1.0,1.0,0.0,0.0,1.0,1.0,0.0,1.0,21.0
540,1.0,1.0,0.0,0.0,1.0,1.0,0.0,1.0,21.0
541,1.0,1.0,0.0,0.0,1.0,1.0,0.0,1.0,21.0
542,1.0,1.0,0.0,0.0,1.0,1.0,0.0,1.0,78.0
543,1.0,1.0,0.0,0.0,1.0,1.0,0.0,1.0,21.0
544,1.0,1.0,0.0,0.0,1.0,1.0,0.0,1.0,21.0
545,1.0,1.0,0.0,0.0,1.0,1.0,0.0,1.0,21.0
546,1.0,1.0,0.0,0.0,1.0,1.0,0.0,1.0,21.0
547,1.0,1.0,0.0,0.0,1.0,1.0,0.0,1.0,21.0
548,1.0,1.0,0.0,0.0,1.0,1.0,0.0,1.0,21.0
549,1.0,1.0,0.0,0.0,1.0,1.0,0.0,1.0,21.0
550,1.0,1.0,0.0,0.0,1.0,1.0,0.0,1.0,21.0
551,1.0,1.0,0.0,0.0,1.0,1.0,0.0,1.0,21.0
552,1.0,1.0,0.0,0.0,1.0,1.0,0.0,1.0,21.0
553,1.0,1.0,0.0,0.0,1.0,1.0,0.0,1.0,21.0
554,1.0,1.0,0.0,0.0,1.0,1.0,0.0,1.0,21.0
555,1.0,1.0,0.0,0.0,1.0,1.0,0.0,1.0,21.0
556,1.0,1.0,0.0,0.0,1.0,1.0,0.0,1.0,21.0
557,1.0,1.0,0.0,0.0,1.0,1.0,0.0,1.0,21.0
558,1.0,1.0,0.0,0.0,1.0,1.0,0.0,1.0,21.0
559,1.0,1.0,0.0,0.0,1.0,1.0,0.0,1.0,21.0
560,1.0,1.0,0.0,0.0,1.0,1.0,0.0,1.0,21.0
561,1.0,1.0,0.0,0.0,1.0,1.0,0.0,1.0,21.0
562,1.0,1.0,0.0,0.0,1.0,1.0,0.0,1.0,21.0
563,1.0,1.0,0.0,0.0,1.0,1.0,0.0,1.0,21.0
564,1.0,1.0,0.0,0.0,1.0,1.0,0.0,1.0,21.0
565,1.0,1.0,0.0,0.0,1.0,1.0,0.0,1.0,21.0
566,1.0,1.0,0.0,0.0,1.0,1.0,0.0,1.0,21.0
567,1.0,1.0,0.0,0.0,1.0,1.0,0.0,1.0,21.0
568,1.0,1.0,0.0,0.0,1.0,1.0,0.0,1.0,21.0
569,1.0,1.0,0.0,0.0,1.0,1.0,0.0,1.0,21.0
570,1.0,1.0,0.0,0.0,1.0,1.0,0.0,1.0,21.0
571,1.0,1.0,0.0,0.0,1.0,1.0,0.0,1.0,21.0
572,1.0,1.0,0.0,0.0,1.0,1.0,0.0,1.0,21.0
573,1.0,1.0,0.0,0.0,1.0,1.0,0.0,1.0,21.0
574,1.0,1.0,0.0,0.0,1.0,1.0,0.0,1.0,21.0
575,1.0,1.0,0.0,0.0,1.0,1.0,0.0,1.0,21.0
576,1.0,1.0,0.0,0.0,1.0,1.0,0.0,1.0,21.0
577,1.0,1.0,0.0,0.0,1.0,1.0,0.0,1.0,21.0
578,1.0,1.0,0.0,0.0,1.0,1.0,0.0,1.0,21.0
579,1.0,1.0,0.0,0.0,1.0,1.0,0.0,1.0,21.0
580,1.0,1.0,0.0,0.0,1.0,1.0,0.0,1.0,21.0
581,1.0,1.0,0.0,0.0,1.0,1.0,0.0,1.0,21.0
582,1.0,1.0,0.0,0.0,1.0,1.0,0.0,1.0,21.0
583,1.0,1.0,0.0,0.0,1.0,1.0,0.0,1.0,21.0
584,1.0,1.0,0.0,0.0,1.0,1.0,0.0,1.0,21.0
585,1.0,1.0,0.0,0.0,1.0,1.0,0.0,1.0,21.0
586,1.0,1.0,0.0,0.0,1.0,1.0,0.0,1.0,21.0
587,1.0,1.0,0.0,0.0,1.0,1.0,0.0,1.0,21.0
588,1.0,1.0,0.0,0.0,1.0,1.0,0.0,1.0,66.0
589,1.0,1.0,0.0,0.0,1.0,1.0,0.0,1.0,66.0
590,1.0,1.0,0.0,0.0,1.0,1.0,0.0,1.0,66.0
591,1.0,1.0,0.0,0.0,1.0,1.0,0.0,1.0,105.0
592,1.0,1.0,0.0,0.0,1.0,1.0,0.0,1.0,105.0
593,1.0,1.0,0.00473934,0.0,1.0,1.0,1.338e-05,1.0,105.0
594,1.0,1.0,0.14285714,0.0,0.0,1.0,6.675e-05,1.0,3.0
595,1.0,1.0,0.14285714,0.0,0.0,1.0,6.675e-05,1.0,3.0
596,1.0,1.0,0.03225806,0.0,0.0,1.0,3.339e-05,1.0,15.0
597,1.0,1.0,0.01265823,0.0,1.0,1.0,3.087e-05,1.0,39.0
598,0.66666667,0.6,0.27272727,0.25,0.0,0.75,0.00015021,0.33333333,1.33333333
599,1.0,1.0,0.02325581,0.0,1.0,1.0,2.863e-05,1.0,21.0
600,1.0,1.0,0.03225806,0.0,0.0,1.0,3.339e-05,1.0,15.0
601,1.0,1.0,0.07692308,0.0,0.0,1.0,5.007e-05,1.0,6.0
602,0.56363636,0.82165605,0.15068493,0.0,0.63636364,1.0,0.00020056,0.3,2.81818182
603,0.86666667,0.86666667,0.31578947,0.16666667,0.0,1.0,0.00040072,0.6,1.08333333
604,1.0,1.0,0.08695652,0.0,1.0,1.0,0.00011451,1.0,5.25
605,1.0,1.0,0.03225806,0.0,0.0,1.0,3.339e-05,1.0,15.0
606,1.0,1.0,0.02325581,0.0,1.0,1.0,2.863e-05,1.0,21.0
607,1.0,1.0,0.23076923,0.2,0.0,1.0,0.00024038,1.0,1.66666667
608,1.0,1.0,0.04545455,0.0,1.0,1.0,5.726e-05,1.0,10.5
609,1.0,1.0,0.09090909,0.0,0.0,1.0,0.00010018,1.0,5.0
610,1.0,1.0,0.04761905,0.0,0.0,1.0,4.006e-05,1.0,10.0
611,1.0,1.0,0.09090909,0.0,0.0,1.0,8.013e-05,1.0,5.0
612,1.0,1.0,0.13043478,0.0,0.0,1.0,0.00012019,1.0,3.33333333
613,1.0,1.0,0.03225806,0.0,0.0,1.0,3.339e-05,1.0,15.0
614,0.9,0.875,0.2173913,0.2,0.0,1.0,0.00020032,0.75,1.8
615,1.0,1.0,0.0625,0.0,0.0,1.0,6.679e-05,1.0,7.5
616,1.0,1.0,0.61290323,0.25,0.0,1.0,0.00095133,1.0,0.31578947
617,1.0,1.0,0.1627907,0.11111111,1.0,1.0,0.00031186,1.0,2.57142857
618,1.0,1.0,0.0625,0.0,0.0,1.0,6.679e-05,1.0,7.5
619,1.0,1.0,0.03225806,0.0,0.0,1.0,3.339e-05,1.0,15.0
620,1.0,1.0,0.03225806,0.0,0.0,1.0,3.339e-05,1.0,15.0
621,0.86666667,0.86666667,0.2972973,0.0,0.0,1.0,0.00036733,0.6,1.18181818
622,1.0,1.0,0.21052632,0.16666667,0.0,1.0,0.00026715,1.0,1.875
623,1.0,1.0,0.48717949,0.4,0.0,1.0,0.00076122,1.0,0.52631579
624,1.0,1.0,0.09090909,0.0,0.0,1.0,0.00010018,1.0,5.0
625,1.0,1.0,0.09090909,0.0,0.0,1.0,0.00010018,1.0,5.0
626,0.72222222,0.8540146,0.05454545,0.0,0.77777778,1.0,6.683e-05,0.375,8.66666667
627,1.0,1.0,0.14285714,0.0,0.0,1.0,6.675e-05,1.0,3.0
628,1.0,1.0,0.0625,0.0,0.0,1.0,6.679e-05,1.0,7.5
629,1.0,1.0,0.21052632,0.0,0.0,1.0,0.00026715,1.0,1.875
630,0.66666667,0.69230769,0.31034483,0.16666667,0.0,1.0,0.00030054,0.4,1.11111111
631,1.0,1.0,0.07692308,0.0,0.0,1.0,5.007e-05,1.0,6.0
632,1.0,1.0,0.0625,0.0,0.0,1.0,6.679e-05,1.0,7.5
633,0.8,0.78947368,0.42857143,0.16666667,0.0,1.0,0.00060108,0.6,0.66666667
634,1.0,1.0,0.30097087,0.22222222,1.0,1.0,0.00069055,1.0,1.16129032
635,1.0,1.0,0.2,0.0,0.0,1.0,0.00015021,1.0,2.0
636,1.0,1.0,0.14285714,0.0,0.0,1.0,0.00016697,1.0,3.0
637,1.0,1.0,0.16666667,0.0,0.0,1.0,0.00016026,1.0,2.5
638,1.0,1.0,0.16666667,0.0,0.0,1.0,0.00016026,1.0,2.5
639,0.83333333,0.75,0.28571429,0.25,0.0,1.0,0.00020028,0.66666667,1.25
640,0.30769231,0.50649351,0.2,0.0,0.15384615,1.0,0.00018521,0.16666667,2.0
641,1.0,1.0,0.18918919,0.0,0.0,1.0,0.00023375,1.0,2.14285714
642,1.0,1.0,0.2,0.0,0.0,1.0,0.00015021,1.0,2.0
643,1.0,1.0,0.2,0.0,0.0,1.0,0.00015021,1.0,2.0
644,1.0,1.0,0.2,0.0,0.0,1.0,0.00015021,1.0,2.0
645,1.0,1.0,0.2,0.0,0.0,1.0,0.00015021,1.0,2.0
646,1.0,1.0,0.2,0.0,0.0,1.0,0.00015021,1.0,2.0
647,1.0,1.0,0.09090909,0.0,0.0,1.0,8.013e-05,1.0,5.0
648,1.0,1.0,0.14285714,0.0,0.0,1.0,0.00010014,1.0,3.0
649,1.0,1.0,0.07692308,0.0,0.0,1.0,5.007e-05,1.0,6.0
650,1.0,1.0,0.16666667,0.16666667,0.0,1.0,0.00020036,1.0,2.5
651,1.0,1.0,0.07692308,0.0,0.0,1.0,5.007e-05,1.0,6.0
652,1.0,1.0,0.16666667,0.0,0.0,1.0,0.00016026,1.0,2.5
653,1.0,1.0,0.21052632,0.0,0.0,1.0,0.00026715,1.0,1.875
654,1.0,1.0,0.36170213,0.16666667,0.0,1.0,0.00056769,1.0,0.88235294
655,1.0,1.0,0.14285714,0.0,0.0,1.0,0.00016697,1.0,3.0
656,1.0,1.0,0.14285714,0.0,0.0,1.0,0.00010014,1.0,3.0
657,1.0,1.0,0.14285714,0.0,0.0,1.0,6.675e-05,1.0,3.0
658,1.0,1.0,0.17431193,0.1,1.0,1.0,0.00038099,1.0,2.36842105
659,0.57777778,0.78151261,0.0,0.0,0.5,1.0,0.0,0.33333333,26.0
660,0.47272727,0.55555556,0.2238806,0.0,0.27272727,1.0,0.00027349,0.3,1.73333333
661,1.0,1.0,0.35483871,0.4,0.0,1.0,0.00044071,1.0,0.90909091
662,1.0,1.0,0.29411765,0.25,0.0,1.0,0.00025035,1.0,1.2
663,1.0,1.0,0.2,0.2,0.0,1.0,0.00020032,1.0,2.0
664,1.0,1.0,0.33333333,0.2,0.0,1.0,0.00040064,1.0,1.0
665,1.0,1.0,0.36170213,0.16666667,0.0,1.0,0.00056769,1.0,0.88235294
666,1.0,1.0,0.14285714,0.0,0.0,1.0,0.00010014,1.0,3.0
667,0.64285714,0.63636364,0.30769231,0.0,0.125,1.0,0.00040088,0.42857143,1.125
668,1.0,1.0,0.16666667,0.0,0.0,1.0,0.00016026,1.0,2.5
669,0.83333333,0.75,0.6,0.25,0.0,1.0,0.00075105,0.66666667,0.33333333
670,0.45833333,0.79538905,0.12,0.0,0.625,1.0,0.00018822,0.26666667,3.66666667
671,1.0,1.0,0.375,0.2,0.0,1.0,0.00048077,1.0,0.83333333
672,1.0,1.0,0.25,0.25,0.0,1.0,0.00020028,1.0,1.5
673,1.0,1.0,0.25,0.25,0.0,1.0,0.00020028,1.0,1.5
674,1.0,1.0,0.4,0.25,0.0,1.0,0.00040056,1.0,0.75
675,1.0,1.0,0.23076923,0.2,0.0,1.0,0.00024038,1.0,1.66666667
676,1.0,1.0,0.4,0.33333333,0.0,1.0,0.00026699,1.0,0.75
677,1.0,1.0,0.23076923,0.16666667,0.0,1.0,0.00030054,1.0,1.66666667
678,1.0,1.0,0.31034483,0.2,0.0,1.0,0.00036058,1.0,1.11111111
679,1.0,1.0,0.25925926,0.2,0.0,1.0,0.00028045,1.0,1.42857143
680,1.0,1.0,0.25,0.0,0.0,1.0,0.00033393,1.0,1.5
681,1.0,1.0,0.14285714,0.0,0.0,1.0,6.675e-05,1.0,3.0
682,1.0,1.0,0.33333333,0.25,0.0,1.0,0.00030042,1.0,1.0
683,1.0,1.0,0.23076923,0.2,0.0,1.0,0.00024038,1.0,1.66666667
684,1.0,1.0,0.26315789,0.0,1.0,1.0,0.00042943,1.0,1.4
685,1.0,1.0,0.29411765,0.25,0.0,1.0,0.00025035,1.0,1.2
686,1.0,1.0,0.25,0.25,0.0,1.0,0.00020028,1.0,1.5
687,1.0,1.0,0.25,0.25,0.0,1.0,0.00020028,1.0,1.5
688,1.0,1.0,0.25,0.25,0.0,1.0,0.00020028,1.0,1.5
689,1.0,1.0,0.25,0.25,0.0,1.0,0.00020028,1.0,1.5
690,1.0,1.0,0.33333333,0.2,0.0,1.0,0.00040064,1.0,1.0
691,0.64444444,0.81818182,0.03333333,0.0,0.7,1.0,4.01e-05,0.33333333,14.5
692,0.66666667,0.76595745,0.0,0.0,0.14285714,1.0,0.0,0.33333333,14.0
693,1.0,1.0,0.25,0.0,0.0,1.0,0.00013349,1.0,1.5
694,1.0,1.0,0.25,0.25,0.0,1.0,0.00020028,1.0,1.5
695,1.0,1.0,0.14285714,0.0,0.0,1.0,6.675e-05,1.0,3.0
696,1.0,1.0,0.33333333,0.4,0.0,1.0,0.00040064,1.0,1.0
697,1.0,1.0,0.42857143,0.25,0.0,1.0,0.00045063,1.0,0.66666667
698,1.0,1.0,0.4,0.33333333,0.0,1.0,0.00026699,1.0,0.75
699,1.0,1.0,0.4,0.33333333,0.0,1.0,0.00026699,1.0,0.75
700,1.0,1.0,0.45454545,0.25,0.0,1.0,0.0005007,1.0,0.6
701,1.0,1.0,0.45454545,0.25,0.0,1.0,0.0005007,1.0,0.6
702,1.0,1.0,0.45454545,0.25,0.0,1.0,0.0005007,1.0,0.6
703,1.0,1.0,0.14285714,0.0,0.0,1.0,0.00010014,1.0,3.0
704,1.0,1.0,0.25,0.0,0.0,1.0,0.00013349,1.0,1.5
705,0.54545455,0.65454545,0.0,0.0,0.27272727,1.0,0.0,0.3,30.0
706,1.0,1.0,0.45945946,0.4,0.0,1.0,0.00068109,1.0,0.58823529
707,1.0,1.0,0.28571429,0.0,0.0,1.0,0.00032051,1.0,1.25
708,0.83333333,0.75,0.33333333,0.0,0.0,1.0,0.00025035,0.66666667,1.0
709,1.0,1.0,0.25,0.0,0.0,1.0,0.00013349,1.0,1.5
710,0.71428571,0.77777778,0.14285714,0.0,0.28571429,1.0,0.00014314,0.5,3.0
711,1.0,1.0,0.14285714,0.0,0.0,1.0,6.675e-05,1.0,3.0
712,1.0,1.0,0.14285714,0.0,0.0,1.0,6.675e-05,1.0,3.0
713,1.0,1.0,0.25,0.0,0.0,1.0,0.00013349,1.0,1.5
714,1.0,1.0,0.25925926,0.2,0.0,1.0,0.00028045,1.0,1.42857143
715,1.0,1.0,0.25,0.0,0.0,1.0,0.00013349,1.0,1.5
716,1.0,1.0,0.25,0.0,0.0,1.0,0.00013349,1.0,1.5
717,1.0,1.0,0.4,0.25,0.0,1.0,0.00040056,1.0,0.75
718,1.0,1.0,0.25,0.25,0.0,1.0,0.00020028,1.0,1.5
719,1.0,1.0,0.33333333,0.33333333,0.0,1.0,0.00020024,1.0,1.0
720,1.0,1.0,0.29411765,0.25,0.0,1.0,0.00025035,1.0,1.2
721,1.0,1.0,0.33333333,0.33333333,0.0,1.0,0.00020024,1.0,1.0
722,1.0,1.0,0.25,0.0,0.0,1.0,0.00013349,1.0,1.5
723,0.77777778,0.84615385,0.06666667,0.0,0.77777778,1.0,8.91e-05,0.5,7.0
724,1.0,1.0,0.25,0.0,0.0,1.0,0.00013349,1.0,1.5
725,0.60714286,0.73770492,0.0,0.0,0.125,1.0,0.0,0.42857143,17.0
726,0.60714286,0.73770492,0.0,0.0,0.125,1.0,0.0,0.42857143,17.0
727,0.60714286,0.73770492,0.05555556,0.0,0.125,1.0,5.011e-05,0.42857143,8.5
728,1.0,1.0,0.29411765,0.25,0.0,1.0,0.00025035,1.0,1.2
729,1.0,1.0,0.29411765,0.25,0.0,1.0,0.00025035,1.0,1.2
730,1.0,1.0,0.29411765,0.25,0.0,1.0,0.00025035,1.0,1.2
731,0.57142857,0.69642857,0.08571429,0.0,0.125,1.0,7.517e-05,0.28571429,5.33333333
732,1.0,1.0,0.57142857,0.33333333,0.0,1.0,0.00053397,1.0,0.375
733,1.0,1.0,0.57142857,0.33333333,0.0,1.0,0.00053397,1.0,0.375
734,1.0,1.0,0.39393939,0.2,0.0,1.0,0.00052083,1.0,0.76923077
735,1.0,1.0,0.39393939,0.2,0.0,1.0,0.00052083,1.0,0.76923077
736,1.0,1.0,0.49152542,0.33333333,0.0,1.0,0.00096841,1.0,0.51724138
737,0.71428571,0.77777778,0.0625,0.0,0.28571429,1.0,5.726e-05,0.5,7.5
738,0.71428571,0.77777778,0.0,0.0,0.28571429,1.0,0.0,0.5,15.0
739,0.71428571,0.77777778,0.0,0.0,0.28571429,1.0,0.0,0.5,15.0
740,0.71428571,0.77777778,0.0,0.0,0.28571429,1.0,0.0,0.5,15.0
741,0.71428571,0.77777778,0.0,0.0,0.28571429,1.0,0.0,0.5,15.0
742,0.71428571,0.77777778,0.0,0.0,0.28571429,1.0,0.0,0.5,15.0
743,0.71428571,0.77777778,0.0,0.0,0.28571429,1.0,0.0,0.5,15.0
744,0.71428571,0.77777778,0.0,0.0,0.28571429,1.0,0.0,0.5,15.0
745,0.71428571,0.77777778,0.0,0.0,0.28571429,1.0,0.0,0.5,15.0
746,0.71428571,0.77777778,0.0,0.0,0.28571429,1.0,0.0,0.5,15.0
747,1.0,1.0,0.25,0.0,0.0,1.0,0.00013349,1.0,1.5
748,1.0,1.0,0.25,0.0,0.0,1.0,0.00013349,1.0,1.5
749,1.0,1.0,0.25,0.0,0.0,1.0,0.00013349,1.0,1.5
750,1.0,1.0,0.25,0.0,0.0,1.0,0.00013349,1.0,1.5
751,1.0,1.0,0.25,0.0,0.0,1.0,0.00013349,1.0,1.5
752,1.0,1.0,0.33333333,0.33333333,0.0,1.0,0.00020024,1.0,1.0
753,1.0,1.0,0.33333333,0.33333333,0.0,1.0,0.00020024,1.0,1.0
754,1.0,1.0,0.33333333,0.33333333,0.0,1.0,0.00020024,1.0,1.0
755,1.0,1.0,0.33333333,0.33333333,0.0,1.0,0.00020024,1.0,1.0
756,1.0,1.0,0.33333333,0.33333333,0.0,1.0,0.00020024,1.0,1.0
757,1.0,1.0,0.33333333,0.33333333,0.0,1.0,0.00020024,1.0,1.0
758,1.0,1.0,0.33333333,0.33333333,0.0,1.0,0.00020024,1.0,1.0
759,1.0,1.0,0.33333333,0.33333333,0.0,1.0,0.00020024,1.0,1.0
760,1.0,1.0,0.33333333,0.33333333,0.0,1.0,0.00020024,1.0,1.0
761,1.0,1.0,0.33333333,0.33333333,0.0,1.0,0.00020024,1.0,1.0
762,1.0,1.0,0.33333333,0.33333333,0.0,1.0,0.00020024,1.0,1.0
763,1.0,1.0,0.33333333,0.33333333,0.0,1.0,0.00020024,1.0,1.0
764,1.0,1.0,0.33333333,0.33333333,0.0,1.0,0.00020024,1.0,1.0
765,0.32380952,0.44571429,0.16049383,0.06666667,0.13333333,1.0,0.00017396,0.21428571,2.61538462
766,1.0,1.0,0.45454545,0.25,0.0,1.0,0.0005007,1.0,0.6
767,0.52777778,0.60810811,0.28301887,0.11111111,0.22222222,1.0,0.00033414,0.375,1.26666667
768,1.0,1.0,0.45454545,0.25,0.0,1.0,0.0005007,1.0,0.6
769,0.64285714,0.69863014,0.0,0.0,0.25,1.0,0.0,0.42857143,18.0
770,0.64285714,0.69863014,0.0,0.0,0.25,1.0,0.0,0.42857143,18.0
771,0.76470588,0.87096774,0.0,0.0,1.0,1.0,0.0,0.5,104.0
772,1.0,1.0,0.33333333,0.25,0.0,1.0,0.00030042,1.0,1.0
773,1.0,1.0,0.4,0.33333333,0.0,1.0,0.00026699,1.0,0.75
774,1.0,1.0,0.4,0.33333333,0.0,1.0,0.00026699,1.0,0.75
775,1.0,1.0,0.33333333,0.33333333,0.0,1.0,0.00020024,1.0,1.0
776,0.71428571,0.75,0.36507937,0.25,0.375,1.0,0.00057627,0.42857143,0.86956522
777,0.73333333,0.75,0.33333333,0.16666667,0.0,1.0,0.00036733,0.6,1.0
778,1.0,1.0,0.33333333,0.33333333,0.0,1.0,0.00020024,1.0,1.0
779,1.0,1.0,0.45454545,0.25,0.0,1.0,0.0005007,1.0,0.6
780,1.0,1.0,0.45454545,0.25,0.0,1.0,0.0005007,1.0,0.6
781,1.0,1.0,0.45945946,0.6,0.0,1.0,0.00068109,1.0,0.58823529
782,0.36601307,0.52702703,0.08196721,0.0,0.44444444,1.0,0.00011158,0.23529412,5.6
783,1.0,1.0,0.4,0.33333333,0.0,1.0,0.00026699,1.0,0.75
784,1.0,1.0,0.33333333,0.33333333,0.0,1.0,0.00020024,1.0,1.0
785,1.0,1.0,0.33333333,0.33333333,0.0,1.0,0.00020024,1.0,1.0
786,1.0,1.0,0.4,0.33333333,0.0,1.0,0.00026699,1.0,0.75
787,0.60714286,0.66666667,0.20930233,0.125,0.125,1.0,0.0002255,0.42857143,1.88888889
788,0.85714286,0.9047619,0.12727273,0.0,0.875,1.0,0.00017539,0.42857143,3.42857143
789,0.71428571,0.77777778,0.21052632,0.14285714,0.28571429,1.0,0.00022903,0.5,1.875
790,1.0,1.0,0.33333333,0.33333333,0.0,1.0,0.00020024,1.0,1.0
791,1.0,1.0,0.6,0.33333333,0.0,1.0,0.00060072,1.0,0.33333333
792,1.0,1.0,0.6,0.33333333,0.0,1.0,0.00060072,1.0,0.33333333
793,0.34285714,0.48275862,0.08860759,0.0,0.26666667,1.0,9.367e-05,0.21428571,5.14285714
794,1.0,1.0,0.4,0.25,0.0,1.0,0.00040056,1.0,0.75
795,0.71428571,0.81818182,0.04761905,0.0,0.25,1.0,5.011e-05,0.42857143,10.0
796,1.0,1.0,0.4,0.33333333,0.0,1.0,0.00026699,1.0,0.75
797,0.71428571,0.81818182,0.0,0.0,0.25,1.0,0.0,0.42857143,20.0
798,0.71428571,0.81818182,0.0,0.0,0.25,1.0,0.0,0.42857143,20.0
799,0.71428571,0.81818182,0.0,0.0,0.25,1.0,0.0,0.42857143,20.0
800,0.71428571,0.77777778,0.36170213,0.14285714,0.28571429,1.0,0.00048669,0.5,0.88235294
801,1.0,1.0,0.53846154,0.33333333,0.0,1.0,0.00046723,1.0,0.42857143
802,1.0,1.0,0.4,0.33333333,0.0,1.0,0.00026699,1.0,0.75
803,1.0,1.0,0.4,0.33333333,0.0,1.0,0.00026699,1.0,0.75
804,1.0,1.0,0.4,0.33333333,0.0,1.0,0.00026699,1.0,0.75
805,1.0,1.0,0.4,0.33333333,0.0,1.0,0.00026699,1.0,0.75
806,1.0,1.0,0.4,0.33333333,0.0,1.0,0.00026699,1.0,0.75
807,1.0,1.0,0.4,0.33333333,0.0,1.0,0.00026699,1.0,0.75
808,1.0,1.0,0.4,0.33333333,0.0,1.0,0.00026699,1.0,0.75
809,1.0,1.0,0.4,0.33333333,0.0,1.0,0.00026699,1.0,0.75
810,1.0,1.0,0.4,0.33333333,0.0,1.0,0.00026699,1.0,0.75
811,1.0,1.0,0.4,0.33333333,0.0,1.0,0.00026699,1.0,0.75
812,1.0,1.0,0.4,0.33333333,0.0,1.0,0.00026699,1.0,0.75
813,1.0,1.0,0.33333333,0.33333333,0.0,1.0,0.00020024,1.0,1.0
814,1.0,1.0,0.57142857,0.33333333,0.0,1.0,0.00053397,1.0,0.375
815,1.0,1.0,0.4,0.25,0.0,1.0,0.00040056,1.0,0.75
816,0.50909091,0.64925373,0.125,0.09090909,0.45454545,1.0,0.00014586,0.3,3.5
817,0.63636364,0.71672355,0.03448276,0.0,0.66666667,1.0,5.015e-05,0.36363636,14.0
818,1.0,1.0,0.33333333,0.33333333,0.0,1.0,0.00020024,1.0,1.0
819,1.0,1.0,0.4,0.33333333,0.0,1.0,0.00026699,1.0,0.75
820,0.63888889,0.73636364,0.04166667,0.0,0.33333333,1.0,4.455e-05,0.375,11.5
821,0.71428571,0.81818182,0.09090909,0.0,0.25,1.0,0.00010022,0.42857143,5.0
822,0.78181818,0.88571429,0.03370787,0.0,0.81818182,1.0,5.47e-05,0.4,14.33333333
823,0.51515152,0.70212766,0.13924051,0.0,0.25,1.0,0.00018388,0.27272727,3.09090909
824,1.0,1.0,0.45454545,0.25,0.0,1.0,0.0005007,1.0,0.6
825,1.0,1.0,0.53846154,0.33333333,0.0,1.0,0.00046723,1.0,0.42857143
826,1.0,1.0,0.45454545,0.33333333,0.0,1.0,0.00033373,1.0,0.6
827,1.0,1.0,0.42857143,0.25,0.0,1.0,0.00045063,1.0,0.66666667
828,0.72222222,0.8540146,0.0,0.0,0.77777778,1.0,0.0,0.375,26.0
829,0.72222222,0.8540146,0.05454545,0.0,0.77777778,1.0,6.683e-05,0.375,8.66666667
830,1.0,1.0,0.57142857,0.33333333,0.0,1.0,0.00053397,1.0,0.375
831,1.0,1.0,0.45454545,0.33333333,0.0,1.0,0.00033373,1.0,0.6
832,1.0,1.0,0.64705882,0.33333333,0.0,1.0,0.00073421,1.0,0.27272727
833,1.0,1.0,0.5,0.4,0.0,1.0,0.00080128,1.0,0.5
834,0.62222222,0.83333333,0.23287671,0.1,0.7,1.0,0.00034089,0.33333333,1.64705882
835,0.8,0.78947368,0.15789474,0.0,0.0,1.0,0.00012019,0.5,2.66666667
836,1.0,1.0,0.57142857,0.33333333,0.0,1.0,0.00053397,1.0,0.375
837,1.0,1.0,0.45454545,0.33333333,0.0,1.0,0.00033373,1.0,0.6
838,1.0,1.0,0.45454545,0.33333333,0.0,1.0,0.00033373,1.0,0.6
839,1.0,1.0,0.45454545,0.33333333,0.0,1.0,0.00033373,1.0,0.6
840,1.0,1.0,0.45454545,0.33333333,0.0,1.0,0.00033373,1.0,0.6
841,1.0,1.0,0.45454545,0.33333333,0.0,1.0,0.00033373,1.0,0.6
842,1.0,1.0,0.45454545,0.33333333,0.0,1.0,0.00033373,1.0,0.6
843,1.0,1.0,0.53846154,0.33333333,0.0,1.0,0.00046723,1.0,0.42857143
844,1.0,1.0,0.45454545,0.33333333,0.0,1.0,0.00033373,1.0,0.6
845,1.0,1.0,0.57142857,0.33333333,0.0,1.0,0.00053397,1.0,0.375
846,0.8,0.78947368,0.2,0.0,0.0,1.0,0.00016026,0.5,2.0
847,1.0,1.0,0.53846154,0.33333333,0.0,1.0,0.00046723,1.0,0.42857143
848,1.0,1.0,0.45454545,0.33333333,0.0,1.0,0.00033373,1.0,0.6
849,0.71428571,0.76744186,0.36507937,0.125,0.5,1.0,0.00057627,0.42857143,0.86956522
850,0.85714286,0.9047619,0.0,0.0,0.875,1.0,0.0,0.42857143,24.0
851,0.85714286,0.9047619,0.0,0.0,0.875,1.0,0.0,0.42857143,24.0
852,0.8,0.84615385,0.0,0.0,0.0,1.0,0.0,0.4,12.0
853,0.8,0.84615385,0.0,0.0,0.0,1.0,0.0,0.4,12.0
854,0.8,0.84615385,0.0,0.0,0.0,1.0,0.0,0.4,12.0
855,0.8,0.84615385,0.0,0.0,0.0,1.0,0.0,0.4,12.0
856,0.8,0.84615385,0.0,0.0,0.0,1.0,0.0,0.4,12.0
857,0.8,0.84615385,0.0,0.0,0.0,1.0,0.0,0.4,12.0
858,0.8,0.84615385,0.0,0.0,0.0,1.0,0.0,0.4,12.0
859,0.8,0.84615385,0.0,0.0,0.0,1.0,0.0,0.4,12.0
860,0.8,0.84615385,0.0,0.0,0.0,1.0,0.0,0.4,12.0
861,0.8,0.84615385,0.0,0.0,0.0,1.0,0.0,0.4,12.0
862,0.8,0.84615385,0.0,0.0,0.0,1.0,0.0,0.4,12.0
863,1.0,1.0,0.45454545,0.33333333,0.0,1.0,0.00033373,1.0,0.6
864,0.8,0.84615385,0.2,0.0,0.0,1.0,0.00020036,0.4,2.0
865,0.8,0.84615385,0.22580645,0.0,0.0,1.0,0.00023375,0.4,1.71428571
866,0.8,0.84615385,0.38461538,0.16666667,0.0,1.0,0.0005009,0.4,0.8
867,0.8,0.84615385,0.38461538,0.16666667,0.0,1.0,0.0005009,0.4,0.8
868,0.66666667,0.72,0.31707317,0.14285714,0.28571429,1.0,0.00037217,0.33333333,1.07692308
869,0.8,0.84615385,0.22580645,0.0,0.0,1.0,0.00023375,0.4,1.71428571
870,0.44444444,0.57534247,0.04761905,0.0,0.3,1.0,4.01e-05,0.22222222,10.0
871,0.8,0.84615385,0.38461538,0.16666667,0.0,1.0,0.0005009,0.4,0.8
872,1.0,1.0,0.57142857,0.33333333,0.0,1.0,0.00053397,1.0,0.375
873,0.73333333,0.75,0.24137931,0.0,0.0,1.0,0.00023375,0.4,1.57142857
874,1.0,1.0,0.5,0.33333333,0.0,1.0,0.00040048,1.0,0.5
875,1.0,1.0,0.5,0.33333333,0.0,1.0,0.00040048,1.0,0.5
876,0.8,0.84615385,0.14285714,0.0,0.0,1.0,0.00013357,0.4,3.0
877,1.0,1.0,0.5,0.33333333,0.0,1.0,0.00040048,1.0,0.5
878,1.0,1.0,0.57142857,0.33333333,0.0,1.0,0.00053397,1.0,0.375
879,1.0,1.0,0.625,0.33333333,0.0,1.0,0.00066747,1.0,0.3
880,0.44444444,0.51851852,0.25925926,0.1,0.2,1.0,0.00028073,0.22222222,1.42857143
881,1.0,1.0,0.53846154,0.33333333,0.0,1.0,0.00046723,1.0,0.42857143
882,1.0,1.0,0.53846154,0.33333333,0.0,1.0,0.00046723,1.0,0.42857143
883,1.0,1.0,0.5,0.33333333,0.0,1.0,0.00040048,1.0,0.5
884,0.4,0.25,0.4,0.16666667,0.0,0.5,0.00026715,0.2,0.75
885,0.33333333,0.17647059,0.33333333,0.14285714,0.14285714,0.42857143,0.0002004,0.16666667,1.0
886,0.5,0.375,0.16666667,0.0,0.0,0.6,8.013e-05,0.25,2.5
887,0.8,0.84615385,0.17241379,0.0,0.0,1.0,0.00016697,0.4,2.4
888,0.8,0.84615385,0.45454545,0.33333333,0.0,1.0,0.00066787,0.4,0.6
889,0.8,0.84615385,0.45454545,0.33333333,0.0,1.0,0.00066787,0.4,0.6
890,0.8,0.84615385,0.44186047,0.16666667,0.0,1.0,0.00063448,0.4,0.63157895
891,0.66666667,0.78947368,0.04,0.0,0.22222222,1.0,4.455e-05,0.5,12.0
892,0.5,0.375,0.375,0.2,0.0,0.6,0.00024038,0.25,0.83333333
893,0.67272727,0.84615385,0.10843373,0.0,0.72727273,1.0,0.0001641,0.4,4.11111111
894,0.6,0.6,0.29411765,0.2,0.0,1.0,0.00020032,0.5,1.2
895,0.44761905,0.75280899,0.06930693,0.0,0.6,1.0,9.367e-05,0.28571429,6.71428571
896,0.39285714,0.4,0.15384615,0.0,0.125,1.0,0.00010022,0.28571429,2.75
897,0.66666667,0.6,0.52941176,0.5,0.0,0.75,0.00045063,0.33333333,0.44444444
898,0.25714286,0.45652174,0.15625,0.0,0.13333333,1.0,0.00013382,0.14285714,2.7
899,0.4,0.55,0.1,0.0,0.1,1.0,8.021e-05,0.22222222,4.5
900,0.32051282,0.41803279,0.10714286,0.0,0.23076923,1.0,9.26e-05,0.16666667,4.16666667
901,0.38461538,0.57251908,0.22077922,0.0,0.15384615,1.0,0.00026238,0.25,1.76470588
902,0.6,0.75789474,0.01492537,0.0,0.63636364,1.0,1.823e-05,0.3,33.0
